titleID,ordering,title,region,language,types,attributes,isOriginalTitle
tt0009204,14,Дім зненависти,SUHH,uk,\N,poster title,0
tt0009204,16,Dim znenavysty,SUHH,uk,\N,transliterated title,0
tt0011278,4,Геліотроп,SUHH,uk,imdbDisplay,\N,0
tt0011439,24,Знак Зорро,SUHH,uk,imdbDisplay,\N,0
tt0011474,8,Мокра курка,SUHH,uk,imdbDisplay,\N,0
tt0011487,5,Міс Тутті-Фрутті,SUHH,uk,imdbDisplay,\N,0
tt0011521,6,Номер телефону,SUHH,uk,imdbDisplay,\N,0
tt0011521,7,N телефону,SUHH,uk,\N,poster title,0
tt0012192,10,Зізнання місіс Дороті,SUHH,uk,imdbDisplay,\N,0
tt0012214,7,Привид,SUHH,uk,imdbDisplay,\N,0
tt0012365,5,Шляхи жаху,SUHH,uk,imdbDisplay,\N,0
tt0012390,2,Ліліан,SUHH,uk,imdbDisplay,\N,0
tt0012548,1,Паризетт,SUHH,uk,imdbDisplay,\N,0
tt0013233,4,Volodari moriv,SUHH,uk,\N,transliterated title,0
tt0013233,8,Володарі морів,SUHH,uk,imdbDisplay,\N,0
tt0013283,1,Богиня джунглів,SUHH,uk,imdbDisplay,\N,0
tt0013556,4,Робін Гуд,SUHH,uk,imdbDisplay,\N,0
tt0014341,33,Наша гостинність,SUHH,uk,imdbDisplay,\N,0
tt0014435,1,Через Розу,SUHH,uk,imdbDisplay,\N,0
tt0014499,17,Еспанська танцюристка,SUHH,uk,imdbDisplay,\N,0
tt0014702,13,Красунчик Браммел,SUHH,uk,imdbDisplay,\N,0
tt0014965,5,Син моря,SUHH,uk,imdbDisplay,\N,0
tt0015002,11,Гарі Паливода,SUHH,uk,imdbDisplay,\N,0
tt0015119,13,Коло подружжів,SUHH,uk,imdbDisplay,\N,0
tt0015119,27,Kolo podruzhzhiv,SUHH,uk,\N,transliterated title,0
tt0015141,5,Вовк на троні,SUHH,uk,imdbDisplay,\N,0
tt0015758,5,Син Зорро,SUHH,uk,imdbDisplay,\N,0
tt0016371,6,Двійник проти волі,SUHH,uk,imdbDisplay,\N,0
tt0017007,2,Ягідки кохання,SUHH,uk,\N,poster title,0
tt0017007,5,Yahidka kokhannya,SUHH,uk,\N,transliterated title,0
tt0017007,7,Ягідка кохання,SUHH,uk,imdbDisplay,\N,0
tt0017498,1,Пасинки Берліну,SUHH,uk,imdbDisplay,\N,0
tt0017513,6,Вася-реформатор,SUHH,uk,imdbDisplay,\N,0
tt0017513,7,Vasya reformator,SUHH,uk,\N,transliterated title,0
tt0017839,11,Dva Dni,SUHH,uk,\N,transliterated title,0
tt0017839,13,Три дні,SUHH,uk,working,\N,0
tt0017839,17,Батько і син,SUHH,uk,working,\N,0
tt0017839,3,Batko i syn,SUHH,uk,working,\N,0
tt0017839,4,Try Dni,SUHH,uk,working,\N,0
tt0017839,9,Два дні,SUHH,uk,imdbDisplay,\N,0
tt0018094,11,Позбавлені дня,SUHH,uk,imdbDisplay,\N,0
tt0018094,1,Без сонця,SUHH,uk,alternative,\N,0
tt0018094,3,Bez sontsia,SUHH,uk,\N,alternative transliteration,0
tt0018165,2,Мітя,SUHH,uk,imdbDisplay,\N,0
tt0018453,2,Сумка дипкур'єра,SUHH,uk,imdbDisplay,\N,0
tt0018453,3,Портфель дипломатичного кур'єра,SUHH,uk,alternative,\N,0
tt0018552,10,Ткачі,SUHH,uk,imdbDisplay,\N,0
tt0018942,1,Наївний кравець,SUHH,uk,imdbDisplay,\N,0
tt0019225,2,Одинадцятий,SUHH,uk,imdbDisplay,\N,0
tt0019395,7,Крізь сльози,SUHH,uk,imdbDisplay,\N,0
tt0019456,6,Жах,SUHH,uk,imdbDisplay,\N,0
tt0019611,11,Звенигора,SUHH,uk,imdbDisplay,\N,0
tt0019611,13,Zacharovane mistse,SUHH,uk,alternative,\N,0
tt0019611,6,Zvenyhora,SUHH,uk,\N,transliterated title,0
tt0019611,7,Зачароване місце,SUHH,uk,alternative,\N,0
tt0019649,4,Арсенал,SUHH,uk,imdbDisplay,\N,0
tt0019760,24,Людина з кіно-апаратом,SUHH,uk,imdbDisplay,\N,0
tt0019760,2,Lyudyna z kino-aparatom,SUHH,uk,\N,transliterated title,0
tt0020369,10,Наговір,SUHH,uk,imdbDisplay,\N,0
tt0020369,5,Slander,SUHH,uk,\N,literal title,0
tt0020369,8,Nahovir,SUHH,uk,\N,transliterated title,0
tt0021035,5,Квартали передмістя,SUHH,uk,imdbDisplay,\N,0
tt0021277,7,П'ять наречених,SUHH,uk,imdbDisplay,\N,0
tt0021277,8,5 наречених,SUHH,uk,alternative,\N,0
tt0021375,2,Ентузіязм. Симфонія Донбасу,SUHH,uk,imdbDisplay,\N,0
tt0021571,2,Земля,SUHH,uk,imdbDisplay,\N,0
tt0021737,1,Чорна шкіра,SUHH,uk,imdbDisplay,\N,0
tt0021737,4,Chorna shkira,SUHH,uk,\N,transliterated title,0
tt0022289,5,Подорожня в життя,SUHH,uk,imdbDisplay,\N,0
tt0025354,5,Коліївщина,SUHH,uk,imdbDisplay,\N,0
tt0029932,7,Багата наречена,SUHH,uk,imdbDisplay,\N,0
tt0029932,8,Bahata narechena,SUHH,uk,\N,transliterated title,0
tt0032103,5,Вершники,SUHH,uk,imdbDisplay,\N,0
tt0042407,3,Donetski shakhtari,SUHH,uk,\N,transliterated title,0
tt0042407,6,Донецькі шахтарі,SUHH,uk,imdbDisplay,\N,0
tt0045891,28,Як вийти заміж за мільйонера,SUHH,uk,imdbDisplay,\N,0
tt0048284,3,Земля,SUHH,uk,imdbDisplay,\N,0
tt0052750,6,"Без паніки, хлопці",SUHH,uk,imdbDisplay,\N,0
tt0053873,10,Літа молодії,SUHH,uk,imdbDisplay,\N,0
tt0053873,5,Lita molodiyi,SUHH,uk,\N,transliterated title,0
tt0054619,2,Оленка,SUHH,uk,imdbDisplay,\N,0
tt0054619,4,Olenka,SUHH,uk,\N,transliterated title,0
tt0055563,4,Ukrayinska rapsodiya,SUHH,uk,alternative,\N,0
tt0055635,5,За двома зайцями,SUHH,uk,imdbDisplay,\N,0
tt0056619,1,Kvitka na kameni,SUHH,uk,\N,transliterated title,0
tt0056619,5,Квітка на камені,SUHH,uk,imdbDisplay,\N,0
tt0057246,2,Лісова пісня,SUHH,uk,imdbDisplay,\N,0
tt0057637,16,Вечори на хуторі біля Диканьки,SUHH,uk,imdbDisplay,\N,0
tt0058642,24,Tini zabutykh predkiv,SUHH,uk,\N,transliterated title,0
tt0058642,28,Тіні забутих предків,SUHH,uk,imdbDisplay,\N,0
tt0059243,35,Великі перегони,SUHH,uk,imdbDisplay,\N,0
tt0059655,8,Криниця для спраглих,SUHH,uk,imdbDisplay,\N,0
tt0061138,19,Чоловік і жінка,SUHH,uk,imdbDisplay,\N,0
tt0066550,15,Людина-кавун,SUHH,uk,imdbDisplay,\N,0
tt0068524,36,Lyudyna skhodu,SUHH,uk,\N,transliterated title,0
tt0069541,8,Життя і дивовижні пригоди Робінзона Крузо,SUHH,uk,imdbDisplay,\N,0
tt0069576,12,Дораемон,SUHH,uk,imdbDisplay,\N,0
tt0069628,13,Сімнадцять миттєвостей весни,SUHH,uk,imdbDisplay,\N,0
tt0070263,4,Камураска,SUHH,uk,\N,poster title,0
tt0070472,2,"Оклахома, якою вона є",SUHH,uk,imdbDisplay,\N,0
tt0070861,14,В бій ідуть тільки 'старики',SUHH,uk,imdbDisplay,\N,0
tt0073570,3,Пригоди Буратіно,SUHH,uk,imdbDisplay,\N,0
tt0073864,23,Стара рушниця,SUHH,uk,imdbDisplay,\N,0
tt0074559,35,Світ майбутнього,SUHH,uk,imdbDisplay,\N,0
tt0077687,39,Гобіт,SUHH,uk,imdbDisplay,\N,0
tt0077687,54,Hobit,SUHH,uk,\N,transliterated title,0
tt0079764,6,П'ять вечорів,SUHH,uk,\N,poster title,0
tt0079833,51,Люпен III: Замок Каліостро,SUHH,uk,imdbDisplay,\N,0
tt0080010,9,Дізнання пілота Піркса,SUHH,uk,imdbDisplay,\N,0
tt0081375,18,Рядова Бенджамін,SUHH,uk,imdbDisplay,\N,0
tt0085253,17,Кривава лють,SUHH,uk,imdbDisplay,\N,0
tt0088170,14,Зоряний шлях 3: У пошуках Спока,SUHH,uk,imdbDisplay,\N,0
tt0088446,1,Загублені в пісках,SUHH,uk,imdbDisplay,\N,0
tt0088446,3,Zahubleni v piskakh,SUHH,uk,\N,transliterated title,0
tt0089021,8,Дитинство Бембі,SUHH,uk,imdbDisplay,\N,0
tt0089822,29,Поліцейська академія 2: Перше призначення,SUHH,uk,imdbDisplay,\N,0
tt0091341,7,Кін-дза-дза!,SUHH,uk,imdbDisplay,\N,0
tt0092214,33,Дикі кішки,SUHH,uk,imdbDisplay,\N,0
tt0093409,53,Смертельна зброя,SUHH,uk,imdbDisplay,\N,0
tt0093693,15,За бортом,SUHH,uk,imdbDisplay,\N,0
tt0095456,13,Закляття долини змій,SUHH,uk,imdbDisplay,\N,0
tt0096244,22,П'яний світанок,SUHH,uk,imdbDisplay,\N,0
tt0096866,25,Великий та доброзичливий велетень,SUHH,uk,imdbDisplay,\N,0
tt0097733,47,Смертельна зброя 2,SUHH,uk,imdbDisplay,\N,0
tt0098030,2,Воно,SUHH,uk,imdbDisplay,\N,0
tt0098030,7,Vono,SUHH,uk,\N,transliterated title,0
tt0099141,24,Пташка на дроті,SUHH,uk,imdbDisplay,\N,0
tt0100131,4,Меланхолійний вальс,SUHH,uk,imdbDisplay,\N,0
tt0100131,9,Melankholiynyi vals,SUHH,uk,\N,transliterated title,0
tt0100858,2,Відьма,SUHH,uk,imdbDisplay,\N,0
tt0104228,7,Голод-33,SUHH,uk,imdbDisplay,\N,0
tt0110357,38,Король Лев,UA,uk,imdbDisplay,\N,0
tt0122227,2,Острів скарбів,SUHH,uk,imdbDisplay,\N,0
tt0123032,4,Давид Коперфільд,SUHH,uk,imdbDisplay,\N,0
tt0126237,11,Через терни до зірок,SUHH,uk,imdbDisplay,\N,0
tt0126711,7,Чи легко бути молодим?,SUHH,uk,imdbDisplay,\N,0
tt0128378,11,Вогнем i мечем,UA,uk,imdbDisplay,\N,0
tt0128998,4,Бенефіс кловна Жоржа,SUHH,uk,\N,alternative spelling,0
tt0128998,7,Бенефіс клоуна Жоржа,SUHH,uk,imdbDisplay,\N,0
tt0129083,10,Karmeliuk,SUHH,uk,\N,transliterated title,0
tt0129083,6,З життя Кармалюка,SUHH,uk,alternative,\N,0
tt0129083,7,Кармелюк,SUHH,uk,imdbDisplay,\N,0
tt0129083,9,Z zhyttia Karmaliuka,SUHH,uk,alternative,\N,0
tt0130038,3,Шукайте жінку,SUHH,uk,imdbDisplay,\N,0
tt0130223,4,Рідна кров,SUHH,uk,imdbDisplay,\N,0
tt0130223,5,Ridna krov,SUHH,uk,\N,transliterated title,0
tt0132180,1,Жінка під 40 років,SUHH,uk,imdbDisplay,\N,0
tt0133289,6,Запорожець за Дунаєм,SUHH,uk,imdbDisplay,\N,0
tt0144187,7,Вечір на Івана Купала,SUHH,uk,imdbDisplay,\N,0
tt0155589,17,Zamok u Karpatakh,SUHH,uk,\N,transliterated title,0
tt0155589,26,Замок у Карпатах,SUHH,uk,imdbDisplay,\N,0
tt0165636,16,Білий птах з чорною ознакою,SUHH,uk,imdbDisplay,\N,0
tt0170776,2,Злодій,SUHH,uk,imdbDisplay,\N,0
tt0171474,5,Лісова пісня. Мавка,SUHH,uk,imdbDisplay,\N,0
tt0171640,8,Смужка нескошених диких квітів,SUHH,uk,imdbDisplay,\N,0
tt0172653,3,Киянка,SUHH,uk,imdbDisplay,\N,0
tt0173470,5,Я люблю,SUHH,uk,imdbDisplay,\N,0
tt0174040,1,Месник із Гянджебасара,SUHH,uk,imdbDisplay,\N,0
tt0174497,2,"Бий, Барабан!",SUHH,uk,imdbDisplay,\N,0
tt0174497,6,"Byy, Baraban!",SUHH,uk,\N,transliterated title,0
tt0174547,1,Червона рута,SUHH,uk,imdbDisplay,\N,0
tt0174547,3,Tscherwona Ruta,SUHH,uk,\N,alternative transliteration,0
tt0174608,10,Жінка наших днів,SUHH,uk,alternative,\N,0
tt0174608,3,Дві жінки,SUHH,uk,imdbDisplay,\N,0
tt0174608,7,Жінка в дзеркалі,SUHH,uk,alternative,\N,0
tt0174784,6,Іванна,SUHH,uk,imdbDisplay,\N,0
tt0174823,2,Комісари,SUHH,uk,imdbDisplay,\N,0
tt0174823,4,Komisary,SUHH,uk,\N,transliterated title,0
tt0175075,10,Пропала грамота,SUHH,uk,imdbDisplay,\N,0
tt0179548,7,Zirka sheryfa,SUHH,uk,\N,transliterated title,0
tt0184049,2,Лють,SUHH,uk,imdbDisplay,\N,0
tt0184049,6,Lyut,SUHH,uk,\N,transliterated title,0
tt0184541,6,Повія,SUHH,uk,imdbDisplay,\N,0
tt0189946,3,Pravo batkiv,SUHH,uk,\N,transliterated title,0
tt0189946,4,Право батьків,SUHH,uk,imdbDisplay,\N,0
tt0189946,5,Batky ta dity,SUHH,uk,alternative,\N,0
tt0189946,8,Батьки та діти,SUHH,uk,alternative,\N,0
tt0190684,10,Ракети не повинні злетіти,SUHH,uk,imdbDisplay,\N,0
tt0190684,5,Rakety ne povynni zletity,SUHH,uk,\N,transliterated title,0
tt0195292,7,Сорочинський ярмарок,SUHH,uk,imdbDisplay,\N,0
tt0195292,9,Sorochynskyi yarmarok,SUHH,uk,\N,transliterated title,0
tt0197928,11,Сюркуф,SUHH,uk,imdbDisplay,\N,0
tt0199495,3,Dytyna bazaru,SUHH,uk,\N,transliterated title,0
tt0199495,5,Дитина базару,SUHH,uk,imdbDisplay,\N,0
tt0200243,4,У мертвій петлі,SUHH,uk,imdbDisplay,\N,0
tt0200243,5,U mertviy petli,SUHH,uk,\N,transliterated title,0
tt0203222,1,Роки молодії,SUHH,uk,imdbDisplay,\N,0
tt0211855,3,Багаті теж плачуть,SUHH,uk,imdbDisplay,\N,0
tt0226590,1,Navesni,SUHH,uk,\N,transliterated title,0
tt0226590,6,Навесні,SUHH,uk,imdbDisplay,\N,0
tt0230529,4,Мільйони Ферфакса,SUHH,uk,imdbDisplay,\N,0
tt0230529,5,Milyony Ferfaksa,SUHH,uk,\N,transliterated title,0
tt0230794,2,Слюсар і канцлер,SUHH,uk,imdbDisplay,\N,0
tt0230794,4,Slyusar i kantsler,SUHH,uk,\N,transliterated title,0
tt0230959,2,Вир,SUHH,uk,imdbDisplay,\N,0
tt0230961,11,Повернення з орбіти,SUHH,uk,imdbDisplay,\N,0
tt0230961,16,Povernennya z orbity,SUHH,uk,\N,transliterated title,0
tt0237411,3,Лілея,SUHH,uk,imdbDisplay,\N,0
tt0237799,7,"Така пізня, така тепла осінь",SUHH,uk,imdbDisplay,\N,0
tt0237799,8,"Taka piznya, taka tepla osin",SUHH,uk,\N,transliterated title,0
tt0245203,10,Двічі продана,SUHH,uk,alternative,\N,0
tt0245203,2,Кіра Кіраліна,SUHH,uk,imdbDisplay,\N,0
tt0245375,11,Filantrop,SUHH,uk,alternative,\N,0
tt0245375,13,Проданий апетит,SUHH,uk,imdbDisplay,\N,0
tt0245375,9,Філантроп,SUHH,uk,alternative,\N,0
tt0250652,3,Пісня про Перекоп,SUHH,uk,alternative,\N,0
tt0250652,8,Перекоп,SUHH,uk,imdbDisplay,\N,0
tt0250652,9,Pisnya pro Perekop,SUHH,uk,alternative,\N,0
tt0252033,3,Таємниці Святого Юра,SUHH,uk,imdbDisplay,\N,0
tt0253423,1,Остап Бандура,SUHH,uk,imdbDisplay,\N,0
tt0253497,1,Двобій,SUHH,uk,alternative,\N,0
tt0253497,3,Остання ставка містера Енніока,SUHH,uk,imdbDisplay,\N,0
tt0253601,1,Народжені бурею,SUHH,uk,imdbDisplay,\N,0
tt0253601,6,Narodzheni bureyu,SUHH,uk,\N,transliterated title,0
tt0253857,5,Укразія,SUHH,uk,imdbDisplay,\N,0
tt0256208,2,Месник,SUHH,uk,imdbDisplay,\N,0
tt0256208,3,Mesnyk,SUHH,uk,\N,transliterated title,0
tt0264114,5,Твоє мирне небо,SUHH,uk,imdbDisplay,\N,0
tt0264119,2,У привидів у полоні,SUHH,uk,imdbDisplay,\N,0
tt0266637,1,І ніхто на світі,SUHH,uk,imdbDisplay,\N,0
tt0267665,2,Легенда про безсмертя,SUHH,uk,imdbDisplay,\N,0
tt0271123,2,Посилка для Марґарет Тетчер,SUHH,uk,imdbDisplay,\N,0
tt0271123,3,Posylka dlya Margaret Tetcher,SUHH,uk,\N,transliterated title,0
tt0282315,5,Том і Джеррі. Комедійне шоу,SUHH,uk,imdbDisplay,\N,0
tt0283629,3,Кравець Бєсо,SUHH,uk,imdbDisplay,\N,0
tt0290118,2,Народжена революцією,SUHH,uk,imdbDisplay,\N,0
tt0290118,6,Narodzhena revolyutsiyeyu,SUHH,uk,\N,transliterated title,0
tt0290492,2,Бур'ян,SUHH,uk,imdbDisplay,\N,0
tt0290492,4,Buryan,SUHH,uk,\N,transliterated title,0
tt0305432,4,Дикун,SUHH,uk,imdbDisplay,\N,0
tt0306802,1,Фантастична історія,SUHH,uk,imdbDisplay,\N,0
tt0306802,2,Fantastychna istoriya,SUHH,uk,\N,transliterated title,0
tt0309759,4,Камінна душа,SUHH,uk,imdbDisplay,\N,0
tt0312363,4,Анничка,SUHH,uk,imdbDisplay,\N,0
tt0312430,2,Баштанка,SUHH,uk,\N,short title,0
tt0312430,7,Баштанська республіка,SUHH,uk,imdbDisplay,\N,0
tt0313990,17,Дораемон: Крихітні зоряні війни Нобіта,SUHH,uk,imdbDisplay,\N,0
tt0314639,4,Sribnyy trener,SUHH,uk,\N,transliterated title,0
tt0314639,7,Срібний тренер,SUHH,uk,imdbDisplay,\N,0
tt0314922,4,Є такий хлопець,SUHH,uk,imdbDisplay,\N,0
tt0314922,5,Ye takyy khlopets,SUHH,uk,alternative,\N,0
tt0321545,5,Бухта смерті,SUHH,uk,imdbDisplay,\N,0
tt0334666,5,Повернення,SUHH,uk,imdbDisplay,\N,0
tt0334680,2,Вибухлі дні,SUHH,uk,imdbDisplay,\N,0
tt0334680,5,Vybukhli dni,SUHH,uk,\N,transliterated title,0
tt0334680,6,Зірвані дні,SUHH,uk,alternative,\N,0
tt0336299,1,Джимі Гіґґінс,SUHH,uk,imdbDisplay,\N,0
tt0336299,2,Dzhimi Higgins,SUHH,uk,\N,transliterated title,0
tt0336299,4,Джімі Гіґінс,SUHH,uk,\N,poster title,0
tt0347307,1,Камінний хрест,SUHH,uk,imdbDisplay,\N,0
tt0347307,9,Kaminnyy khrest,SUHH,uk,\N,transliterated title,0
tt0347809,10,Студентка,SUHH,uk,alternative,\N,0
tt0347809,3,Делегатка,SUHH,uk,alternative,\N,0
tt0347809,6,Право на жінку,SUHH,uk,imdbDisplay,\N,0
tt0348046,4,Z nudhy,SUHH,uk,\N,transliterated title,0
tt0348341,10,Мандрівні зірки,SUHH,uk,alternative,\N,0
tt0348341,1,Мандрівні зорі,SUHH,uk,imdbDisplay,\N,0
tt0348341,8,Mandrivni zori,SUHH,uk,\N,transliterated title,0
tt0348341,9,Блукаючі зірки,SUHH,uk,alternative,\N,0
tt0351191,5,Кубанці,SUHH,uk,imdbDisplay,\N,0
tt0352364,2,Десь є син,SUHH,uk,imdbDisplay,\N,0
tt0352364,3,Des ye syn,SUHH,uk,\N,transliterated title,0
tt0368929,6,Ostanniy hayduk,SUHH,uk,\N,transliterated title,0
tt0396825,5,"Прощавайте, фараони!",SUHH,uk,imdbDisplay,\N,0
tt0396825,6,"Прощайте, фараони!",SUHH,uk,\N,poster title,0
tt0412646,5,Дипломати мимоволі,SUHH,uk,imdbDisplay,\N,0
tt0432981,3,Невиданий альбом,SUHH,uk,imdbDisplay,\N,0
tt0440829,4,Прокурор Йордан,SUHH,uk,imdbDisplay,\N,0
tt0985059,5,Лимерівна,SUHH,uk,imdbDisplay,\N,0
tt1032831,10,Дораемон,SUHH,uk,imdbDisplay,\N,0
tt1073534,2,Октябрюхов та Декабрюхов,SUHH,uk,\N,promotional title,0
tt1073534,7,Декабрюхов і Октябрюхов,SUHH,uk,imdbDisplay,\N,0
tt10822196,2,С. М. Ейзенштейн: Уроки монтажу,SUHH,uk,imdbDisplay,\N,0
tt1139667,2,Троє,SUHH,uk,imdbDisplay,\N,0
tt1147508,3,Дораемон: Дорабські ночі Нобіта,SUHH,uk,imdbDisplay,\N,0
tt1147509,9,Дораемон: Чудовиська підводного замку,SUHH,uk,imdbDisplay,\N,0
tt1147511,6,Дораемон: Нобіта і Народження Японії,SUHH,uk,imdbDisplay,\N,0
tt1147515,7,Дораемон: Космічна історія Нобіта,SUHH,uk,imdbDisplay,\N,0
tt1147517,11,Дораемон: Динозавр Нобіта,SUHH,uk,imdbDisplay,\N,0
tt1147518,6,Дораемон: Пригоди Нобіта в Чарівному Світі,SUHH,uk,imdbDisplay,\N,0
tt1147520,5,Дораемон: Планета тварин Нобіта,SUHH,uk,imdbDisplay,\N,0
tt1147525,1,Дораемон: Нобітівська версія Саюк,SUHH,uk,imdbDisplay,\N,0
tt1147527,8,Дораемон: Нобіта і наїзник на драконі,SUHH,uk,imdbDisplay,\N,0
tt1147528,3,Дораемон: Нобіта і взвод залізних солдатів,SUHH,uk,imdbDisplay,\N,0
tt11662030,1,Beztolkoviy Vombat,SUHH,uk,\N,transliterated title,0
tt11885930,2,Тарас Трясило,SUHH,uk,imdbDisplay,\N,0
tt11885930,5,Повість про гаряче серце,SUHH,uk,alternative,\N,0
tt11885930,6,Taras Triasylo,SUHH,uk,\N,alternative transliteration,0
tt11885946,3,Viter z porohiv,SUHH,uk,\N,transliterated title,0
tt11885946,9,Вітер з порогів,SUHH,uk,imdbDisplay,\N,0
tt11889628,1,Джальма,SUHH,uk,imdbDisplay,\N,0
tt11906140,3,Спартак,SUHH,uk,imdbDisplay,\N,0
tt11906516,10,Zlyva. Kino-oforty do istoriyi Haidamtchyny,SUHH,uk,\N,alternative transliteration,0
tt11906516,12,Злива,SUHH,uk,imdbDisplay,\N,0
tt11906516,1,Злива. Кіно-офорти до історії Гайдамаччини,SUHH,uk,alternative,\N,0
tt11906516,9,Zlyva,SUHH,uk,\N,transliterated title,0
tt11990438,11,Двійник,SUHH,uk,alternative,\N,0
tt11990438,9,Суддя Рейтанеску,SUHH,uk,imdbDisplay,\N,0
tt11992184,1,Вибух,SUHH,uk,imdbDisplay,\N,0
tt11992184,3,Vybukh,SUHH,uk,\N,transliterated title,0
tt11992426,3,Boryslav smiyetsa,SUHH,uk,\N,transliterated title,0
tt11992426,5,Борислав сміється,SUHH,uk,imdbDisplay,\N,0
tt12003100,11,Велике горе маленької жінки,SUHH,uk,imdbDisplay,\N,0
tt12003100,2,Як іноді буває,SUHH,uk,alternative,\N,0
tt12003100,5,Остання зустріч,SUHH,uk,working,\N,0
tt12003100,7,Velyke hore malenkoyi zhinky,SUHH,uk,\N,transliterated title,0
tt12004074,11,Peredzvin,SUHH,uk,alternative,\N,0
tt12004074,4,Temne tsarstvo,SUHH,uk,\N,transliterated title,0
tt12004074,5,Темне царство,SUHH,uk,imdbDisplay,\N,0
tt12004074,6,Передзвін,SUHH,uk,alternative,\N,0
tt12020226,1,Nespodivanyy heroy,SUHH,uk,alternative,\N,0
tt12020226,3,Митрошка - солдат революції,SUHH,uk,imdbDisplay,\N,0
tt12020226,4,Несподіваний герой,SUHH,uk,alternative,\N,0
tt12036832,3,Mykola Dzheria,SUHH,uk,\N,alternative transliteration,0
tt12036832,4,Микола Джеря,SUHH,uk,imdbDisplay,\N,0
tt12037542,10,Навздогін за долею,SUHH,uk,imdbDisplay,\N,0
tt12037542,5,Navzdohin za doleyu,SUHH,uk,\N,transliterated title,0
tt12037542,7,Дорогою ціною,SUHH,uk,alternative,\N,0
tt12038698,5,Свіжий вітер,SUHH,uk,imdbDisplay,\N,0
tt12042180,5,Закони шторму,SUHH,uk,imdbDisplay,\N,0
tt12047622,2,Za monastirskoyu bramoyu,SUHH,uk,\N,transliterated title,0
tt12047622,6,За монастирською брамою,SUHH,uk,imdbDisplay,\N,0
tt12048024,2,Гамбург,SUHH,uk,imdbDisplay,\N,0
tt12048024,6,Історія однієї втечі,SUHH,uk,alternative,\N,0
tt12062766,3,Димівка,SUHH,uk,imdbDisplay,\N,0
tt12062766,8,Вбивство сількора Малиновського,SUHH,uk,alternative,\N,0
tt12062766,9,Dymivka,SUHH,uk,\N,transliterated title,0
tt12081274,5,Поміщик,SUHH,uk,imdbDisplay,\N,0
tt12089706,1,Сіль,SUHH,uk,imdbDisplay,\N,0
tt12096062,1,Тарас Шевченко,SUHH,uk,imdbDisplay,\N,0
tt12097146,1,Наймичка,SUHH,uk,imdbDisplay,\N,0
tt12106150,11,Як куркуль сільським головою став,SUHH,uk,alternative,\N,0
tt12106150,3,Сон Товстопузенка,SUHH,uk,imdbDisplay,\N,0
tt12113750,4,Lisovyy zvir,SUHH,uk,\N,transliterated title,0
tt12113750,6,Лісовий звір,SUHH,uk,imdbDisplay,\N,0
tt12115044,13,У пазурях радянської влади,SUHH,uk,imdbDisplay,\N,0
tt12115044,2,Пригоди фабриканта,SUHH,uk,alternative,\N,0
tt12115044,7,В пазурах радвлади,SUHH,uk,alternative,\N,0
tt12116046,3,Svyni zavzhdy svyni,SUHH,uk,alternative,\N,0
tt12116046,4,Свині завжди свині,SUHH,uk,alternative,\N,0
tt12116046,6,Станція Пупки,SUHH,uk,imdbDisplay,\N,0
tt12258584,6,Сорочинський ярмарок,SUHH,uk,imdbDisplay,\N,0
tt12263716,1,Apelsyny z Khimvuhillya,SUHH,uk,alternative,\N,0
tt12263716,2,Nepevnyy bahazh,SUHH,uk,\N,transliterated title,0
tt12263716,3,Непевний багаж,SUHH,uk,alternative,\N,0
tt12263716,4,Pidozrilyy bahazh,SUHH,uk,\N,transliterated title,0
tt12263716,6,Підозрілий багаж,SUHH,uk,imdbDisplay,\N,0
tt12263716,9,Апельсини з Хімвугілля,SUHH,uk,alternative,\N,0
tt12266148,5,Непереможні,SUHH,uk,imdbDisplay,\N,0
tt12266148,8,Антоніо Терметто,SUHH,uk,alternative,\N,0
tt12275188,4,Цемент,SUHH,uk,imdbDisplay,\N,0
tt12281300,2,В заметах,SUHH,uk,imdbDisplay,\N,0
tt12281300,3,Завірюха,SUHH,uk,alternative,\N,0
tt12281300,6,V zametakh,SUHH,uk,\N,transliterated title,0
tt12299712,1,Безпритульні,SUHH,uk,imdbDisplay,\N,0
tt12299712,4,Непутящі,SUHH,uk,alternative,\N,0
tt12306576,11,Болотяні вогні,SUHH,uk,alternative,\N,0
tt12306576,14,Вогняна помста,SUHH,uk,imdbDisplay,\N,0
tt12306576,2,Чорний бір,SUHH,uk,alternative,\N,0
tt12306576,4,Vohnyana pomsta,SUHH,uk,\N,transliterated title,0
tt12316894,4,Ступати заважають,SUHH,uk,imdbDisplay,\N,0
tt12316894,7,Stupaty zavazhayut,SUHH,uk,\N,transliterated title,0
tt12319274,2,Млин на вузліссі,SUHH,uk,imdbDisplay,\N,0
tt12319274,6,Димок над кручею,SUHH,uk,alternative,\N,0
tt12319322,3,Діти шахтарів,SUHH,uk,imdbDisplay,\N,0
tt12323852,5,Карл Бруннер,SUHH,uk,imdbDisplay,\N,0
tt12323852,7,"Тримайся, Карлуша!",SUHH,uk,alternative,\N,0
tt12328226,2,Повість наших днів,SUHH,uk,imdbDisplay,\N,0
tt12332490,3,Сенько з 'Мімози',SUHH,uk,imdbDisplay,\N,0
tt12336560,1,Поєдинок,SUHH,uk,alternative,\N,0
tt12336560,6,Вовчий хутір,SUHH,uk,imdbDisplay,\N,0
tt12336874,4,На крилах пісні,SUHH,uk,imdbDisplay,\N,0
tt12367862,1,Три кімнати з кухнею,SUHH,uk,imdbDisplay,\N,0
tt12367862,8,Try kimnaty z kukhneyu,SUHH,uk,\N,transliterated title,0
tt12381202,3,Генеральна репетиція,SUHH,uk,imdbDisplay,\N,0
tt12381202,8,Heneralna repetytsiya,SUHH,uk,\N,transliterated title,0
tt12381450,1,Чатуй,SUHH,uk,imdbDisplay,\N,0
tt12381860,1,Сорочинська трагедія,SUHH,uk,alternative,\N,0
tt12381860,7,Sorochynska trahediya,SUHH,uk,alternative,\N,0
tt12381860,8,Чорні дні,SUHH,uk,imdbDisplay,\N,0
tt12382606,4,Степові пісні,SUHH,uk,imdbDisplay,\N,0
tt12635816,2,Пілот і дівчина,SUHH,uk,alternative,\N,0
tt12635816,4,Mertva petlya,SUHH,uk,\N,transliterated title,0
tt12635816,9,Мертва петля,SUHH,uk,imdbDisplay,\N,0
tt12882180,4,"Я, Робот",SUHH,uk,imdbDisplay,\N,0
tt13172092,11,Жінці про жінку,SUHH,uk,imdbDisplay,\N,0
tt13172092,1,Що кожній жінці треба знати,SUHH,uk,alternative,\N,0
tt13172092,8,Гігієна дівчини та жінки,SUHH,uk,alternative,\N,0
tt13287988,4,Трипільська трагедія,SUHH,uk,imdbDisplay,\N,0
tt13287988,5,Trypilska trahediya,SUHH,uk,\N,transliterated title,0
tt13545156,2,Бурлачка,SUHH,uk,alternative,\N,0
tt13545156,6,Burlachka,SUHH,uk,alternative,\N,0
tt13545156,9,Василина,SUHH,uk,imdbDisplay,\N,0
tt13598166,4,Oberih natsiyi,UA,uk,working,\N,0
tt13614666,1,Seym vykhodyt z berehiv,SUHH,uk,\N,transliterated title,0
tt1620680,3,Складки часу,UA,uk,imdbDisplay,\N,0
tt16380332,8,Пригоди полтинника,SUHH,uk,imdbDisplay,\N,0
tt16404522,3,Сектор мовчання,SUHH,uk,imdbDisplay,\N,0
tt16404546,1,Дід Іван з села Річки,SUHH,uk,imdbDisplay,\N,0
tt16404636,5,Меланчине весілля,SUHH,uk,imdbDisplay,\N,0
tt16404776,1,"Ой горе, це ж гості до мене",SUHH,uk,imdbDisplay,\N,0
tt16404878,4,Відкрий себе,SUHH,uk,imdbDisplay,\N,0
tt16723416,3,Правда крупним планом,SUHH,uk,imdbDisplay,\N,0
tt17716402,6,Документи епохи.,SUHH,uk,imdbDisplay,\N,0
tt17716402,7,Документи доби,SUHH,uk,alternative,\N,0
tt17716402,8,Сторінки доби,SUHH,uk,working,\N,0
tt1855316,4,Прометей,SUHH,uk,imdbDisplay,\N,0
tt1871304,2,Хто поїде в Трускавець,SUHH,uk,imdbDisplay,\N,0
tt1874677,2,Подарунок на іменини,SUHH,uk,imdbDisplay,\N,0
tt1874677,4,Podarunok na imenyny,SUHH,uk,\N,transliterated title,0
tt1886619,5,Nichnyy Viznyk,SUHH,uk,\N,transliterated title,0
tt2137702,5,Kyyivski fresky,SUHH,uk,\N,transliterated title,0
tt2137702,8,Київські фрески,SUHH,uk,imdbDisplay,\N,0
tt21387428,1,Мова тварин,SUHH,uk,imdbDisplay,\N,0
tt21599776,3,Справа No 128,SUHH,uk,imdbDisplay,\N,0
tt21635286,2,Ненаписаний лист,SUHH,uk,imdbDisplay,\N,0
tt2195606,4,"Історія про дівчинку, яка наступила на хліб",SUHH,uk,imdbDisplay,\N,0
tt22183842,6,РокіРовка (сповідь із акваріума),SUHH,uk,imdbDisplay,\N,0
tt2270680,6,Веселе курча,SUHH,uk,imdbDisplay,\N,0
tt23060066,2,Тук-тук і Жук,SUHH,uk,imdbDisplay,\N,0
tt23060066,4,Як Тук-тук город свій доглядав і з свинею воював,SUHH,uk,alternative,\N,0
tt2338942,7,Пригоди Незнайка та його друзів,SUHH,uk,imdbDisplay,\N,0
tt2400666,10,Son,SUHH,uk,\N,transliterated title,0
tt2400666,8,Сон,SUHH,uk,imdbDisplay,\N,0
tt24218480,3,Пригода на дачі,SUHH,uk,imdbDisplay,\N,0
tt24218598,4,Марс-ХХ,SUHH,uk,imdbDisplay,\N,0
tt2443150,3,Дерево і кішка,SUHH,uk,imdbDisplay,\N,0
tt2544016,10,Знайоме обличчя,SUHH,uk,alternative,\N,0
tt2544016,6,Шкурник,SUHH,uk,imdbDisplay,\N,0
tt25786348,4,Київська симфонія,SUHH,uk,imdbDisplay,\N,0
tt25787778,7,Любов та смерть картоплі звичайної,SUHH,uk,imdbDisplay,\N,0
tt2841788,1,Як їжачок шубку міняв,SUHH,uk,imdbDisplay,\N,0
tt2912984,2,Високий перевал,SUHH,uk,imdbDisplay,\N,0
tt2969530,3,Штурмові ночі,SUHH,uk,imdbDisplay,\N,0
tt2969530,6,Shturmovi nochi,SUHH,uk,\N,transliterated title,0
tt3020758,3,Стожари,SUHH,uk,imdbDisplay,\N,0
tt3085970,5,Ім'ям революції,SUHH,uk,imdbDisplay,\N,0
tt3097768,4,Гуси-лебеді летять,SUHH,uk,imdbDisplay,\N,0
tt3098234,1,Весь світ в очах твоїх...,SUHH,uk,imdbDisplay,\N,0
tt3098234,5,Ves svit v ochakh tvoyikh...,SUHH,uk,\N,transliterated title,0
tt3125482,1,Руда Фея,SUHH,uk,imdbDisplay,\N,0
tt3141450,2,Падав іній,SUHH,uk,imdbDisplay,\N,0
tt3141450,5,Padav iniy,SUHH,uk,\N,transliterated title,0
tt3324564,1,Дивний сад,SUHH,uk,imdbDisplay,\N,0
tt3324564,4,Dyvnyy sad,SUHH,uk,\N,transliterated title,0
tt3490064,2,Страшна помста,SUHH,uk,imdbDisplay,\N,0
tt3511734,3,Хліб,SUHH,uk,imdbDisplay,\N,0
tt3511734,9,Тисяча дев'ятсот двадцятий рік,SUHH,uk,\N,censored version,0
tt3521454,3,Щедрий вечір,SUHH,uk,imdbDisplay,\N,0
tt3785450,2,Vanka i Mesnyk,SUHH,uk,\N,transliterated title,0
tt3785450,5,Ванька і Месник,SUHH,uk,imdbDisplay,\N,0
tt4023290,2,Я та інші,SUHH,uk,imdbDisplay,\N,0
tt4076306,4,Валидуб,SUHH,uk,imdbDisplay,\N,0
tt4106238,3,Мотузочка,SUHH,uk,imdbDisplay,\N,0
tt4184350,2,Дораемон: Нобіта і Привиди Зла,SUHH,uk,imdbDisplay,\N,0
tt4292312,2,Provokator,SUHH,uk,\N,transliterated title,0
tt4292312,3,Його кар'єра,SUHH,uk,alternative,\N,0
tt4292312,4,Yoho karyera,SUHH,uk,\N,alternative transliteration,0
tt4292312,7,Провокатор,SUHH,uk,imdbDisplay,\N,0
tt4292312,8,У павутинні,SUHH,uk,alternative,\N,0
tt4331990,6,Людина з лісу,SUHH,uk,imdbDisplay,\N,0
tt4331990,7,Ludyna z lisu,SUHH,uk,\N,transliterated title,0
tt4335530,4,Tini Belvedera,SUHH,uk,\N,transliterated title,0
tt4335530,7,Тіні Бельведера,SUHH,uk,imdbDisplay,\N,0
tt4509740,4,Заєць в людях,SUHH,uk,imdbDisplay,\N,0
tt4676080,1,Shlyakh do sertsya,SUHH,uk,\N,transliterated title,0
tt4676080,5,Шлях до серця,SUHH,uk,imdbDisplay,\N,0
tt4676314,2,Sekretar partkomu,SUHH,uk,\N,transliterated title,0
tt4676314,4,Секретар парткому,SUHH,uk,imdbDisplay,\N,0
tt4686464,1,Dovira,SUHH,uk,\N,transliterated title,0
tt4686464,6,Довіра,SUHH,uk,imdbDisplay,\N,0
tt4709976,1,Sofiya Hrushko,SUHH,uk,\N,transliterated title,0
tt4709976,3,Софія Грушко,SUHH,uk,imdbDisplay,\N,0
tt4840330,3,Yurkovi svitanky,SUHH,uk,\N,transliterated title,0
tt4840330,4,Юркові світанки,SUHH,uk,imdbDisplay,\N,0
tt4879466,3,Ridni,SUHH,uk,\N,transliterated title,0
tt4879466,6,Рідні,SUHH,uk,imdbDisplay,\N,0
tt4887608,4,Лада з країни берендеїв,SUHH,uk,imdbDisplay,\N,0
tt4887608,5,Lada z krayiny berendeyiv,SUHH,uk,\N,transliterated title,0
tt4912910,20,Мiсiя неможлива: Фолаут,UA,uk,imdbDisplay,\N,0
tt4966218,2,Багряні береги,SUHH,uk,imdbDisplay,\N,0
tt4971476,2,Важка вода,SUHH,uk,imdbDisplay,\N,0
tt4974288,4,Кров людська - не водиця,SUHH,uk,imdbDisplay,\N,0
tt4974288,5,Krov lyudska - ne vodytsya,SUHH,uk,\N,transliterated title,0
tt5084498,2,Острів Вовчий,SUHH,uk,imdbDisplay,\N,0
tt5084498,4,Ostriv Vovchyy,SUHH,uk,\N,transliterated title,0
tt5091592,4,Григорій Сковорода,SUHH,uk,imdbDisplay,\N,0
tt5129254,1,Миленький ти мій,SUHH,uk,imdbDisplay,\N,0
tt5129254,4,Mylenkyy ty miy,SUHH,uk,\N,transliterated title,0
tt5226524,3,Ni y tak,SUHH,uk,\N,transliterated title,0
tt5226524,7,Ні й так,SUHH,uk,imdbDisplay,\N,0
tt5276978,4,Дума про Британку,SUHH,uk,imdbDisplay,\N,0
tt5286864,4,Для домашнього вогнища,SUHH,uk,imdbDisplay,\N,0
tt5289042,3,"Myr khatam, viyna palatsam",SUHH,uk,alternative,\N,0
tt5289042,4,"Мир хатам, війна палацам",SUHH,uk,imdbDisplay,\N,0
tt5293100,3,Веселі Жабокричі,SUHH,uk,imdbDisplay,\N,0
tt5293100,5,Veseli Zhabokrychi,SUHH,uk,\N,transliterated title,0
tt5293204,1,Zoryanyy tsvit,SUHH,uk,\N,transliterated title,0
tt5293204,3,Зоряний цвіт,SUHH,uk,imdbDisplay,\N,0
tt5299510,5,Іду до тебе...,SUHH,uk,imdbDisplay,\N,0
tt5313220,1,Тут нам жити,SUHH,uk,imdbDisplay,\N,0
tt5313536,2,Лаври,SUHH,uk,imdbDisplay,\N,0
tt5332718,2,Дід лівого крайнього,SUHH,uk,imdbDisplay,\N,0
tt5340710,2,"Ні пуху, ні пера",SUHH,uk,imdbDisplay,\N,0
tt5375264,3,Chas - moskovskyy,SUHH,uk,\N,transliterated title,0
tt5375264,4,Час - московський,SUHH,uk,imdbDisplay,\N,0
tt5455590,2,Нісенітниця,SUHH,uk,imdbDisplay,\N,0
tt5455590,4,Nisenitnytsya,SUHH,uk,alternative,\N,0
tt5460518,3,Наталка Полтавка,SUHH,uk,imdbDisplay,\N,0
tt5501024,1,Дударики,SUHH,uk,imdbDisplay,\N,0
tt5514360,4,Платон мені друг,SUHH,uk,imdbDisplay,\N,0
tt5665654,4,Дім батька твого,SUHH,uk,imdbDisplay,\N,0
tt5686692,3,Жменяки,SUHH,uk,imdbDisplay,\N,0
tt5692520,2,Гори димлять,SUHH,uk,imdbDisplay,\N,0
tt5726786,12,Тамілла,SUHH,uk,imdbDisplay,\N,0
tt5738252,3,Поза межами болю,SUHH,uk,imdbDisplay,\N,0
tt5759382,4,Буйна,SUHH,uk,imdbDisplay,\N,0
tt5768986,8,Містифікатор,SUHH,uk,imdbDisplay,\N,0
tt5826698,3,Козаки йдуть,SUHH,uk,imdbDisplay,\N,0
tt5827354,5,Карпатське золото,SUHH,uk,imdbDisplay,\N,0
tt5827354,6,Karpatskoye zoloto,SUHH,uk,\N,transliterated title,0
tt5830198,4,"Komu vhoru, komu vnyz",SUHH,uk,\N,transliterated title,0
tt5830198,5,"Кому вгору, кому вниз",SUHH,uk,imdbDisplay,\N,0
tt5839534,1,"Нам дзвони не грали, коли ми вмирали",SUHH,uk,imdbDisplay,\N,0
tt5839534,5,"Nam dzvony ne hraly, koly my vmyraly",SUHH,uk,\N,transliterated title,0
tt5844844,1,Чудо в краю забуття,SUHH,uk,imdbDisplay,\N,0
tt5847326,3,Martyn Borulya,SUHH,uk,\N,transliterated title,0
tt5847326,4,Мартин Боруля,SUHH,uk,imdbDisplay,\N,0
tt5849778,4,Сто тисяч,SUHH,uk,imdbDisplay,\N,0
tt5863156,2,Faraony,SUHH,uk,\N,transliterated title,0
tt5863156,6,Фараони,SUHH,uk,imdbDisplay,\N,0
tt5867924,4,Безталанна,SUHH,uk,imdbDisplay,\N,0
tt5884790,1,Не судилось,SUHH,uk,imdbDisplay,\N,0
tt5998100,7,"Ведмедик і той, що живе в річці",SUHH,uk,imdbDisplay,\N,0
tt6053024,3,Чотири нерозлучні таргани та цвіркунець,SUHH,uk,imdbDisplay,\N,0
tt6101292,1,Страсті-мордасті,SUHH,uk,imdbDisplay,\N,0
tt6101292,4,Страсті-мордасті · 1,SUHH,uk,\N,copyright title,0
tt6202000,5,Ордер на арешт,SUHH,uk,imdbDisplay,\N,0
tt6335906,2,"Ой не ходи, Грицю, та й на вечорниці",SUHH,uk,imdbDisplay,\N,0
tt6405722,7,Лисичка з качалкою,SUHH,uk,imdbDisplay,\N,0
tt6409426,6,Розпатланий горобець,SUHH,uk,imdbDisplay,\N,0
tt6424464,8,Чому у півня короткі штанці,SUHH,uk,imdbDisplay,\N,0
tt6690034,3,Довге відлуння,SUHH,uk,imdbDisplay,\N,0
tt6690034,5,Dovhe vidlunnya,SUHH,uk,\N,transliterated title,0
tt7102412,4,Пісня завжди з нами,SUHH,uk,imdbDisplay,\N,0
tt7407774,6,Черевички,SUHH,uk,imdbDisplay,\N,0
tt7410882,7,П.К.П.,SUHH,uk,imdbDisplay,\N,0
tt7721808,3,Таємниця Дімки Кармія,SUHH,uk,imdbDisplay,\N,0
tt7755102,1,Єгипетський гусак,SUHH,uk,imdbDisplay,\N,0
tt7755102,4,Yehypetskyi husak,SUHH,uk,\N,alternative transliteration,0
tt8092766,4,Shcho tut koitsya ishche?!!,SUHH,uk,\N,transliterated title,0
tt8155134,6,Як посварився Іван Іванович з Іваном Никифоровичем,SUHH,uk,imdbDisplay,\N,0
tt8785262,3,Алім,SUHH,uk,imdbDisplay,\N,0
tt9011030,2,Tragedija Cyganskoj Devuski,SUHH,uk,alternative,\N,0
tt9011030,3,Tragedija Cyganki,SUHH,uk,alternative,\N,0
tt9296668,2,Navkolo svitu mymovoli,SUHH,uk,\N,transliterated title,0
tt9296668,4,Навколо світу мимоволі,SUHH,uk,imdbDisplay,\N,0
tt9838534,4,Смерть чиновника,SUHH,uk,imdbDisplay,\N,0
tt9909462,2,Nebuvalyy pokhid,SUHH,uk,\N,transliterated title,0
tt9909462,3,Nechuvanyy pokhid,SUHH,uk,alternative,\N,0
tt9909462,5,Нечуваний похід,SUHH,uk,alternative,\N,0
tt9909462,8,Небувалий похід,SUHH,uk,imdbDisplay,\N,0
